,Unnamed: 0,CVE_DOC,CVE_CLPV,STATUS,CVE_VEND,FECHAELAB,FECHA_DOC,FECHA_ENT,FECHA_VEN,FECHA_CANCELA,CAN_TOT,DES_TOT,DES_FIN
58,58,F29472,2385.0,E,5.0,2019-09-11 14:33:39.000,2019-09-11,2019-09-11 00:00:00,2019-10-11,,1500.0000000000002,0.0,0.0
59,59,F29473,2385.0,E,5.0,2019-09-11 14:52:52.000,2019-09-11,2019-09-11 00:00:00,2019-10-11,,24000.000000000004,0.0,0.0
225,225,F29639,251.0,C,5.0,2019-09-25 09:09:58.000,2019-09-25,2019-09-25 00:00:00,2019-10-25,2019-09-26,1250.0,0.0,0.0
249,249,F29663,251.0,E,5.0,2019-09-26 15:28:26.000,2019-09-26,2019-09-26 00:00:00,2019-10-26,,1250.0,0.0,0.0
292,292,F29706,2325.0,E,5.0,2019-09-30 17:55:46.000,2019-09-30,2019-09-30 00:00:00,2019-09-30,,6737.198200000001,0.0,0.0
409,409,F29825,941.0,E,5.0,2019-10-08 10:19:30.000,2019-10-08,2019-10-08 00:00:00,2019-11-07,,11100.0,0.0,0.0
544,544,F29960,3526.0,E,5.0,2019-10-18 11:43:20.000,2019-10-18,2019-10-18 00:00:00,2019-10-18,,250.86,0.0,0.0
752,752,F30168,85.0,C,5.0,2019-11-06 11:54:29.000,2019-11-06,2019-11-06 00:00:00,2019-11-06,2019-11-06,2517.2000000000003,0.0,0.0
984,984,F30400,5904.0,C,5.0,2019-11-27 12:53:42.000,2019-11-27,2019-11-13 00:00:00,2019-11-27,2019-11-27,8250.0,0.0,0.0
988,988,F30404,5904.0,E,5.0,2019-11-27 13:45:07.000,2019-11-27,2019-11-13 00:00:00,2019-11-27,,8250.0,0.0,0.0
1121,1121,F30537,1289.0,E,5.0,2019-12-10 09:59:22.000,2019-12-10,2019-12-06 00:00:00,2020-01-09,,5588.000000000001,0.0,0.0
1135,1135,F30551,5207.0,E,5.0,2019-12-11 09:53:10.000,2019-12-11,2019-12-13 00:00:00,2019-12-11,,4668.5,0.0,0.0
1167,1167,F30583,3612.0,E,5.0,2019-12-16 11:33:36.000,2019-12-16,2019-12-16 00:00:00,2020-02-14,,2160.0,0.0,0.0
1266,1266,F30682,5926.0,E,5.0,2019-12-24 10:10:17.000,2019-12-24,2019-12-24 00:00:00,2019-12-24,,148.0,0.0,0.0
1284,1284,F30700,1289.0,E,5.0,2020-01-06 08:57:52.000,2020-01-06,2020-01-13 00:00:00,2020-02-05,,5973.000000000001,0.0,0.0
1301,1301,F30717,3612.0,C,5.0,2020-01-07 11:26:26.000,2020-01-07,2020-01-07 00:00:00,2020-03-07,2020-01-07,1236.0,0.0,0.0
1302,1302,F30718,3612.0,E,5.0,2020-01-07 11:31:04.000,2020-01-07,2020-01-07 00:00:00,2020-03-07,,1236.0,0.0,0.0
1311,1311,F30727,1289.0,E,5.0,2020-01-08 09:05:57.000,2020-01-08,2020-01-13 00:00:00,2020-02-07,,4191.0,0.0,0.0
1315,1315,F30731,2385.0,C,5.0,2020-01-08 10:52:11.000,2020-01-08,2019-12-18 00:00:00,2020-02-07,2020-01-08,2750.0,0.0,0.0
1318,1318,F30734,2385.0,E,5.0,2020-01-08 11:09:32.000,2020-01-08,2019-12-18 00:00:00,2020-02-07,,4780.0,0.0,0.0
1392,1392,F30808,1429.0,E,5.0,2020-01-15 17:45:42.000,2020-01-15,2020-01-14 00:00:00,2020-02-14,,20200.0,0.0,0.0
1394,1394,F30810,6059.0,E,5.0,2020-01-15 18:21:55.000,2020-01-15,2020-01-09 00:00:00,2020-01-15,,3400.0000000000005,0.0,0.0
1445,1445,F30861,6885.0,E,5.0,2020-01-21 17:26:35.000,2020-01-21,2020-01-21 00:00:00,2020-01-21,,1034.4827,0.0,0.0
1450,1450,F30866,161.0,E,5.0,2020-01-22 09:50:10.000,2020-01-22,2020-01-21 00:00:00,2020-02-21,,3700.000000000001,0.0,0.0
1469,1469,F30885,6850.0,E,5.0,2020-01-23 11:36:49.000,2020-01-23,2020-01-13 00:00:00,2020-01-23,,2720.0,0.0,0.0
1495,1495,F30911,3930.0,E,5.0,2020-01-24 17:13:49.000,2020-01-24,2020-01-21 00:00:00,2020-02-23,,51450.00000000001,0.0,0.0
1512,1512,F30928,2385.0,E,5.0,2020-01-28 11:30:30.000,2020-01-28,2020-01-23 00:00:00,2020-02-27,,24640.0,0.0,0.0
1548,1548,F30964,7023.0,E,5.0,2020-01-31 10:56:15.000,2020-01-31,2020-01-31 00:00:00,2020-01-31,,4650.0,0.0,0.0
1556,1556,F30972,7019.0,E,5.0,2020-01-31 16:46:27.000,2020-01-31,2020-01-31 00:00:00,2020-01-31,,3900.000000000001,0.0,0.0
1573,1573,F30989,6538.0,E,5.0,2020-01-31 18:41:50.000,2020-01-31,2020-01-31 00:00:00,2020-01-31,,11250.000000000002,0.0,0.0
1575,1575,F30991,7027.0,E,5.0,2020-01-31 18:44:38.000,2020-01-31,2020-01-31 00:00:00,2020-01-31,,4200.0,0.0,0.0
1613,1613,F31029,2385.0,E,5.0,2020-02-06 10:25:54.000,2020-02-06,2020-01-27 00:00:00,2020-03-07,,42000.0,0.0,0.0
1636,1636,F31052,161.0,E,5.0,2020-02-07 09:22:41.000,2020-02-07,2020-01-31 00:00:00,2020-03-08,,2125.5,0.0,0.0
1637,1637,F31053,161.0,E,5.0,2020-02-07 09:24:04.000,2020-02-07,2020-01-21 00:00:00,2020-03-08,,1850.0,0.0,0.0
1659,1659,F31075,7027.0,E,5.0,2020-02-10 12:42:03.000,2020-02-10,2020-01-31 00:00:00,2020-02-10,,8400.0,0.0,0.0
1672,1672,F31088,7019.0,E,5.0,2020-02-11 13:01:51.000,2020-02-11,2020-01-28 00:00:00,2020-02-11,,4700.0,0.0,0.0
1698,1698,F31114,5441.0,E,5.0,2020-02-12 09:45:13.000,2020-02-12,2020-02-18 00:00:00,2020-02-12,,7780.000000000001,0.0,0.0
1718,1718,F31134,2385.0,E,5.0,2020-02-14 08:49:19.000,2020-02-14,2020-02-07 00:00:00,2020-03-15,,5640.0,0.0,0.0
1719,1719,F31135,7023.0,E,5.0,2020-02-14 09:22:25.000,2020-02-14,2020-02-17 00:00:00,2020-02-14,,4650.0,0.0,0.0
1738,1738,F31154,161.0,E,5.0,2020-02-17 08:57:52.000,2020-02-17,2020-02-19 00:00:00,2020-03-18,,3700.000000000001,0.0,0.0
1739,1739,F31155,1289.0,E,5.0,2020-02-17 09:11:42.000,2020-02-17,2020-02-17 00:00:00,2020-03-18,,5631.18,0.0,0.0
1752,1752,F31168,161.0,E,5.0,2020-02-18 09:47:50.000,2020-02-18,2020-02-19 00:00:00,2020-03-19,,1230.0,0.0,0.0
1763,1763,F31179,7060.0,E,5.0,2020-02-18 15:47:14.000,2020-02-18,2020-02-18 00:00:00,2020-02-18,,1309.6364,0.0,0.0
1785,1785,F31201,3825.0,E,5.0,2020-02-20 08:24:12.000,2020-02-20,2020-02-20 00:00:00,2020-03-21,,1020.6,0.0,0.0
1812,1812,F31228,7051.0,E,5.0,2020-02-21 11:45:30.000,2020-02-21,2020-02-17 00:00:00,2020-02-21,,4745.0,0.0,0.0
1818,1818,F31234,7060.0,E,5.0,2020-02-21 17:14:26.000,2020-02-21,2020-02-21 00:00:00,2020-02-21,,1199.0,0.0,0.0
1822,1822,F31238,161.0,E,5.0,2020-02-24 09:05:48.000,2020-02-24,2020-02-26 00:00:00,2020-03-25,,1954.0,0.0,0.0
1859,1859,F31275,7076.0,E,5.0,2020-02-26 10:41:51.000,2020-02-26,2020-02-26 00:00:00,2020-02-26,,999.9068,0.0,0.0
1904,1904,F31320,7067.0,E,5.0,2020-02-28 12:47:38.000,2020-02-28,2020-02-28 00:00:00,2020-02-28,,27753.000000000004,0.0,0.0
1918,1918,F31334,2610.0,E,5.0,2020-02-28 17:25:40.000,2020-02-28,2020-02-24 00:00:00,2020-02-28,,6935.400000000001,0.0,0.0
1936,1936,F31352,7075.0,E,5.0,2020-02-28 19:19:49.000,2020-02-28,2020-02-28 00:00:00,2020-02-28,,4100.0,0.0,0.0
1949,1949,F31365,7060.0,E,5.0,2020-03-03 09:28:49.000,2020-03-03,2020-03-02 00:00:00,2020-03-03,,2398.0,0.0,0.0
1972,1972,F31388,7055.0,E,5.0,2020-03-03 16:52:54.000,2020-03-03,2020-03-03 00:00:00,2020-03-03,,1443.5,0.0,0.0
1996,1996,F31412,7090.0,E,5.0,2020-03-05 08:15:05.000,2020-03-05,2020-03-05 00:00:00,2020-03-05,,360.0,0.0,0.0
2017,2017,F31433,1429.0,E,5.0,2020-03-06 18:10:02.000,2020-03-06,2020-02-27 00:00:00,2020-04-05,,21437.5,0.0,0.0
2018,2018,F31434,1429.0,E,5.0,2020-03-06 18:11:44.000,2020-03-06,2020-03-06 00:00:00,2020-04-05,,12862.35,0.0,0.0
2019,2019,F31435,161.0,E,5.0,2020-03-09 08:56:24.000,2020-03-09,2020-03-05 00:00:00,2020-04-08,,2000.0,0.0,0.0
2021,2021,F31437,2385.0,E,5.0,2020-03-09 09:21:03.000,2020-03-09,2020-03-06 00:00:00,2020-04-08,,93360.0,0.0,0.0
2031,2031,F31447,2385.0,E,5.0,2020-03-09 17:35:26.000,2020-03-09,2020-03-12 00:00:00,2020-04-08,,480.0,0.0,0.0
2047,2047,F31463,5894.0,E,5.0,2020-03-11 08:57:44.000,2020-03-11,2020-03-12 00:00:00,2020-04-10,,6586.5,0.0,0.0
2058,2058,F31474,3612.0,E,5.0,2020-03-11 16:49:19.000,2020-03-11,2020-03-11 00:00:00,2020-05-10,,1236.0,0.0,0.0
2059,2059,F31475,3612.0,E,5.0,2020-03-11 16:55:54.000,2020-03-11,2020-03-11 00:00:00,2020-05-10,,1440.0,0.0,0.0
2060,2060,F31476,3612.0,E,5.0,2020-03-11 16:59:20.000,2020-03-11,2020-03-11 00:00:00,2020-05-10,,1440.0,0.0,0.0
2063,2063,F31479,2385.0,E,5.0,2020-03-12 09:41:27.000,2020-03-12,2020-03-13 00:00:00,2020-04-11,,2900.0,0.0,0.0
2077,2077,F31493,6396.0,C,5.0,2020-03-13 09:29:48.000,2020-03-13,2020-03-13 00:00:00,2020-03-13,2020-03-13,2999.73,0.0,0.0
2115,2115,F31531,1429.0,E,5.0,2020-03-18 10:23:02.000,2020-03-18,2020-03-17 00:00:00,2020-04-17,,8575.0,0.0,0.0
2125,2125,F31541,3612.0,E,5.0,2020-03-18 16:05:27.000,2020-03-18,2020-03-18 00:00:00,2020-05-17,,1440.0,0.0,0.0
2141,2141,F31557,7076.0,E,5.0,2020-03-19 15:51:13.000,2020-03-19,2020-03-19 00:00:00,2020-03-19,,57.50000000000001,0.0,0.0
2148,2148,F31564,5424.0,E,5.0,2020-03-20 11:03:18.000,2020-03-20,2020-03-20 00:00:00,2020-03-20,,1341.0,0.0,0.0
2150,2150,F31566,5894.0,E,5.0,2020-03-20 11:21:18.000,2020-03-20,2020-03-20 00:00:00,2020-04-19,,7000.000000000001,0.0,0.0
2167,2167,F31583,2063.0,E,5.0,2020-03-23 11:32:21.000,2020-03-23,2020-02-18 00:00:00,2020-05-22,,14180.0,0.0,0.0
2178,2178,F31594,7075.0,E,5.0,2020-03-24 10:11:29.000,2020-03-24,2020-03-20 00:00:00,2020-03-24,,2500.0,0.0,0.0
2181,2181,F31597,161.0,E,5.0,2020-03-24 11:29:59.000,2020-03-24,2020-03-25 00:00:00,2020-04-23,,1779.0000000000002,0.0,0.0
2182,2182,F31598,161.0,E,5.0,2020-03-24 11:31:54.000,2020-03-24,2020-04-03 00:00:00,2020-04-23,,4000.000000000001,0.0,0.0
2191,2191,F31607,5894.0,E,5.0,2020-03-25 10:41:43.000,2020-03-25,2020-03-18 00:00:00,2020-04-24,,10194.0,0.0,0.0
2238,2238,F31654,5894.0,E,5.0,2020-03-31 09:19:24.000,2020-03-31,2020-03-18 00:00:00,2020-04-30,,5059.5,0.0,0.0
2246,2246,F31662,3926.0,E,5.0,2020-03-31 12:42:34.000,2020-03-31,2020-03-30 00:00:00,2020-04-30,,1100.0,0.0,0.0
2266,2266,F31682,794.0,E,5.0,2020-03-31 17:27:00.000,2020-03-31,2020-03-31 00:00:00,2020-03-31,,33250.0,0.0,0.0
2274,2274,F31690,2385.0,E,5.0,2020-03-31 17:53:01.000,2020-03-31,2020-04-06 00:00:00,2020-04-30,,46680.00000000001,0.0,0.0
2286,2286,F31702,3612.0,E,5.0,2020-04-02 12:37:47.000,2020-04-02,2020-04-02 00:00:00,2020-06-01,,2160.0,0.0,0.0
2302,2302,F31718,794.0,E,5.0,2020-04-14 10:00:56.000,2020-04-14,2020-04-06 00:00:00,2020-04-14,,33250.0,0.0,0.0
2305,2305,F31721,2995.0,E,5.0,2020-04-16 08:57:21.000,2020-04-16,2020-04-16 00:00:00,2020-04-16,,1266.4247,0.0,0.0
2310,2310,F31726,5647.0,E,5.0,2020-04-20 13:33:44.000,2020-04-20,2020-04-20 00:00:00,2020-04-20,,1050.0,0.0,0.0
2328,2328,F31744,1453.0,E,5.0,2020-04-24 11:07:09.000,2020-04-24,2020-04-14 00:00:00,2020-05-24,,8700.0,0.0,0.0
2333,2333,F31749,1289.0,E,5.0,2020-04-27 09:11:49.000,2020-04-27,2020-04-17 00:00:00,2020-05-27,,5631.18,0.0,0.0
2342,2342,F31758,8022.0,E,5.0,2020-04-27 13:37:44.000,2020-04-27,2020-04-27 00:00:00,2020-04-27,,550.0,0.0,0.0
2385,2385,F31801,6401.0,E,5.0,2020-05-05 08:35:14.000,2020-05-05,2020-04-07 00:00:00,2020-06-04,,2400.0,0.0,0.0
2395,2395,F31811,6962.0,E,5.0,2020-05-12 10:40:10.000,2020-05-12,2020-05-12 00:00:00,2020-05-12,,2058.493,0.0,0.0
2396,2396,F31812,2262.0,E,5.0,2020-05-12 11:24:29.000,2020-05-12,2020-05-12 00:00:00,2020-06-11,,2402.727,0.0,0.0
2397,2397,F31813,2261.0,E,5.0,2020-05-12 12:05:11.000,2020-05-12,2020-05-12 00:00:00,2020-05-27,,1915.6546000000003,0.0,0.0
2398,2398,F31814,3931.0,E,5.0,2020-05-12 12:26:03.000,2020-05-12,2020-05-12 00:00:00,2020-05-12,,786.9000000000001,0.0,0.0
2414,2414,F31830,8032.0,E,5.0,2020-05-18 14:25:29.000,2020-05-18,2020-05-18 00:00:00,2020-05-18,,180.00000000000003,0.0,0.0
2426,2426,F31842,3108.0,E,5.0,2020-05-20 11:52:28.000,2020-05-20,2020-05-20 00:00:00,2020-05-20,,1769.8724000000002,0.0,0.0
2444,2444,F31860,3139.0,E,5.0,2020-05-22 11:55:48.000,2020-05-22,2020-05-22 00:00:00,2020-06-06,,491.2875,0.0,0.0
2458,2458,F31874,4452.0,E,5.0,2020-05-26 11:24:14.000,2020-05-26,2020-05-21 00:00:00,2020-05-26,,396.87,0.0,0.0
2463,2463,F31879,8030.0,E,5.0,2020-05-27 09:57:52.000,2020-05-27,2020-05-22 00:00:00,2020-05-27,,6380.6900000000005,0.0,0.0
2466,2466,F31882,2385.0,E,5.0,2020-05-27 13:11:39.000,2020-05-27,2020-05-25 00:00:00,2020-06-26,,54460.0,0.0,0.0
2471,2471,F31887,1339.0,E,5.0,2020-05-28 10:34:57.000,2020-05-28,2020-05-26 00:00:00,2020-06-27,,5650.2,0.0,0.0
2475,2475,F31891,5926.0,E,5.0,2020-05-28 12:06:13.000,2020-05-28,2020-05-27 00:00:00,2020-05-28,,300.0,0.0,0.0
2504,2504,F31920,6179.0,E,5.0,2020-06-03 08:46:27.000,2020-06-03,2020-06-02 00:00:00,2020-06-03,,2755.0,0.0,0.0
2507,2507,F31923,8030.0,E,5.0,2020-06-03 10:53:42.000,2020-06-03,2020-06-01 00:00:00,2020-06-03,,990.0,0.0,0.0
2512,2512,F31928,161.0,E,5.0,2020-06-04 10:27:59.000,2020-06-04,2020-06-02 00:00:00,2020-07-04,,1500.0000000000002,0.0,0.0
2513,2513,F31929,161.0,E,5.0,2020-06-04 10:29:59.000,2020-06-04,2020-06-02 00:00:00,2020-07-04,,1500.0000000000002,0.0,0.0
2527,2527,F31943,8041.0,E,5.0,2020-06-05 14:07:30.000,2020-06-05,2020-06-02 00:00:00,2020-06-05,,1200.0,0.0,0.0
2529,2529,F31945,2385.0,E,5.0,2020-06-08 10:06:09.000,2020-06-08,2020-06-02 00:00:00,2020-07-08,,3439.92,0.0,0.0
2538,2538,F31954,359.0,E,5.0,2020-06-09 11:17:28.000,2020-06-09,2020-05-27 00:00:00,2020-06-24,,1600.0000000000002,0.0,0.0
2551,2551,F31967,5894.0,E,5.0,2020-06-12 08:47:55.000,2020-06-12,2020-06-11 00:00:00,2020-07-12,,8849.706199999999,0.0,0.0
2554,2554,F31970,6850.0,E,5.0,2020-06-12 13:32:34.000,2020-06-12,2020-06-02 00:00:00,2020-06-12,,2200.0,0.0,0.0
2562,2562,F31978,2595.0,E,5.0,2020-06-15 09:19:07.000,2020-06-15,2020-06-11 00:00:00,2020-06-15,,6120.6900000000005,0.0,0.0
2599,2599,F32015,5618.0,E,5.0,2020-06-18 11:22:17.000,2020-06-18,2020-06-18 00:00:00,2020-06-18,,344.85,0.0,0.0
2620,2620,F32036,5573.0,E,5.0,2020-06-22 12:26:22.000,2020-06-22,2020-06-21 00:00:00,2020-07-22,,6350.000000000001,0.0,0.0
2622,2622,F32038,4563.0,E,5.0,2020-06-22 12:49:19.000,2020-06-22,2020-05-26 00:00:00,2020-06-22,,2440.2000000000003,0.0,0.0
2663,2663,F32079,161.0,E,5.0,2020-06-26 10:09:12.000,2020-06-26,2020-06-02 00:00:00,2020-07-26,,1230.0,0.0,0.0
2676,2676,F32092,2385.0,E,5.0,2020-06-26 16:04:05.000,2020-06-26,2020-06-25 00:00:00,2020-07-26,,23760.000000000004,0.0,0.0
2677,2677,F32093,6426.0,E,5.0,2020-06-29 10:30:29.000,2020-06-29,2020-04-27 00:00:00,2020-06-29,,86000.0,0.0,0.0
2681,2681,F32097,3612.0,E,5.0,2020-06-29 11:34:00.000,2020-06-29,2020-06-29 00:00:00,2020-08-28,,1236.0,0.0,0.0
2690,2690,F32106,5424.0,E,5.0,2020-06-30 11:31:25.000,2020-06-30,2020-06-24 00:00:00,2020-06-30,,5440.0,0.0,0.0
2726,2726,F32142,161.0,E,5.0,2020-07-02 10:29:45.000,2020-07-02,2020-07-02 00:00:00,2020-08-01,,895.5000000000001,0.0,0.0
2727,2727,F32143,2385.0,E,5.0,2020-07-02 10:37:07.000,2020-07-02,2020-06-25 00:00:00,2020-08-01,,950.0,0.0,0.0
2728,2728,F32144,2385.0,E,5.0,2020-07-02 10:39:00.000,2020-07-02,2020-06-25 00:00:00,2020-08-01,,2160.0,0.0,0.0
2751,2751,F32167,4675.0,E,5.0,2020-07-03 14:47:32.000,2020-07-03,2020-06-29 00:00:00,2020-08-02,,7413.000000000001,0.0,0.0
2753,2753,F32169,3612.0,E,5.0,2020-07-03 16:29:12.000,2020-07-03,2020-07-03 00:00:00,2020-09-01,,1440.0000000000002,0.0,0.0
2754,2754,F32170,3612.0,E,5.0,2020-07-03 16:30:39.000,2020-07-03,2020-07-03 00:00:00,2020-09-01,,1236.0,0.0,0.0
2755,2755,F32171,3612.0,E,5.0,2020-07-03 16:35:20.000,2020-07-03,2020-07-03 00:00:00,2020-09-01,,720.0000000000001,0.0,0.0
2756,2756,F32172,3612.0,E,5.0,2020-07-03 16:37:17.000,2020-07-03,2020-07-03 00:00:00,2020-09-01,,1440.0000000000002,0.0,0.0
2775,2775,F32191,2385.0,E,5.0,2020-07-08 11:51:41.000,2020-07-08,2020-07-08 00:00:00,2020-08-07,,23340.000000000004,0.0,0.0
2824,2824,F32240,1289.0,E,5.0,2020-07-14 12:03:49.000,2020-07-14,2020-07-13 00:00:00,2020-08-13,,5631.18,0.0,0.0
2834,2834,F32250,3912.0,E,5.0,2020-07-15 09:47:17.000,2020-07-15,2020-06-24 00:00:00,2020-07-15,,2366.9,0.0,0.0
2836,2836,F32252,209.0,E,5.0,2020-07-15 10:15:32.000,2020-07-15,2020-07-03 00:00:00,2020-07-15,,957.0,0.0,0.0
2857,2857,F32273,4598.0,E,5.0,2020-07-17 12:03:02.000,2020-07-17,2020-07-13 00:00:00,2020-08-16,,9159.75,0.0,0.0
2866,2866,F32282,8061.0,E,5.0,2020-07-20 09:42:28.000,2020-07-20,2020-06-26 00:00:00,2020-07-20,,1579.0,0.0,0.0
2870,2870,F32286,2385.0,E,5.0,2020-07-20 11:35:50.000,2020-07-20,2020-07-10 00:00:00,2020-08-19,,70020.0,0.0,0.0
2890,2890,F32306,7051.0,E,5.0,2020-07-21 16:47:51.000,2020-07-21,2020-07-14 00:00:00,2020-07-21,,3317.28,0.0,0.0
2917,2917,F32333,3912.0,E,5.0,2020-07-24 11:43:19.000,2020-07-24,2020-07-23 00:00:00,2020-08-23,,6174.000000000001,0.0,0.0
2925,2925,F32341,2080.0,E,5.0,2020-07-24 14:15:30.000,2020-07-24,2020-08-05 00:00:00,2020-08-23,,80854.40000000001,0.0,0.0
2933,2933,F32349,4695.0,E,5.0,2020-07-27 10:05:38.000,2020-07-27,2020-07-21 00:00:00,2020-09-25,,22316.4,0.0,0.0
2948,2948,F32364,4452.0,E,5.0,2020-07-28 12:13:59.000,2020-07-28,2020-07-28 00:00:00,2020-07-28,,1653.1824,0.0,0.0
2951,2951,F32367,49.0,E,5.0,2020-07-28 12:52:15.000,2020-07-28,2020-07-28 00:00:00,2020-08-12,,6557.000000000001,0.0,0.0
2961,2961,F32377,161.0,E,5.0,2020-07-29 11:06:30.000,2020-07-29,2020-07-21 00:00:00,2020-08-28,,1954.0,0.0,0.0
2963,2963,F32379,5424.0,C,5.0,2020-07-29 11:55:57.000,2020-07-29,2020-07-29 00:00:00,2020-07-29,2020-07-31,5440.0,0.0,0.0
2975,2975,F32391,4598.0,E,5.0,2020-07-30 09:39:49.000,2020-07-30,2020-07-28 00:00:00,2020-08-29,,9159.75,0.0,0.0
2984,2984,F32400,5074.0,E,5.0,2020-07-30 13:23:55.000,2020-07-30,2020-07-25 00:00:00,2020-07-30,,12600.000000000002,0.0,0.0
2986,2986,F32402,3612.0,E,5.0,2020-07-30 14:23:54.000,2020-07-30,2020-07-30 00:00:00,2020-07-30,,21600.0,0.0,0.0
2987,2987,F32403,3612.0,E,5.0,2020-07-30 14:25:51.000,2020-07-30,2020-07-30 00:00:00,2020-07-30,,3600.0000000000005,0.0,0.0
2989,2989,F32405,3612.0,E,5.0,2020-07-30 15:55:57.000,2020-07-30,2020-07-30 00:00:00,2020-07-30,,5120.0,0.0,0.0
2992,2992,F32408,4598.0,E,5.0,2020-07-31 08:34:52.000,2020-07-31,2020-07-28 00:00:00,2020-08-30,,15266.250000000002,0.0,0.0
2998,2998,F32414,6084.0,E,5.0,2020-07-31 11:32:20.000,2020-07-31,2020-07-31 00:00:00,2020-07-31,,31000.000000000004,0.0,0.0
3005,3005,F32421,4452.0,E,5.0,2020-07-31 14:30:17.000,2020-07-31,2020-07-28 00:00:00,2020-07-31,,7204.200000000001,0.0,0.0
3013,3013,F32429,5424.0,E,5.0,2020-07-31 17:03:27.000,2020-07-31,2020-07-29 00:00:00,2020-07-31,,2720.0,0.0,0.0
3023,3023,F32439,161.0,E,5.0,2020-08-05 09:22:30.770,2020-08-05,2020-08-06 00:00:00,2020-09-04,,3700.000000000001,0.0,0.0
3028,3028,F32444,4786.0,E,5.0,2020-08-05 10:39:11.583,2020-08-05,2020-05-29 00:00:00,2020-08-20,,16640.0,0.0,0.0
3044,3044,F32460,6127.0,E,5.0,2020-08-05 17:02:32.530,2020-08-05,2020-08-06 00:00:00,2020-08-20,,3950.000000000001,0.0,0.0
3045,3045,F32461,4430.0,C,5.0,2020-08-05 17:24:43.927,2020-08-05,2020-07-29 00:00:00,2020-08-05,2020-08-20,9480.000000000002,0.0,0.0
3046,3046,F32462,1053.0,E,5.0,2020-08-05 17:29:05.747,2020-08-05,2020-08-07 00:00:00,2020-09-04,,17372.82,0.0,0.0
3049,3049,F32465,8061.0,E,5.0,2020-08-06 12:23:05.527,2020-08-06,2020-08-04 00:00:00,2020-08-06,,11940.0,0.0,0.0
3111,3111,F32527,4598.0,E,5.0,2020-08-13 16:56:04.537,2020-08-13,2020-08-13 00:00:00,2020-09-12,,17703.600000000002,0.0,0.0
3113,3113,F32529,4430.0,C,5.0,2020-08-13 17:23:03.873,2020-08-13,2020-07-29 00:00:00,2020-08-13,2020-08-17,9480.0,0.0,0.0
3132,3132,F32548,4430.0,E,5.0,2020-08-17 14:31:21.003,2020-08-17,2020-07-29 00:00:00,2020-08-17,,9480.0,0.0,0.0
3136,3136,F32552,5894.0,E,5.0,2020-08-18 08:09:18.760,2020-08-18,2020-08-13 00:00:00,2020-09-17,,8975.0,0.0,0.0
3137,3137,F32553,5894.0,E,5.0,2020-08-18 08:10:30.490,2020-08-18,2020-08-07 00:00:00,2020-09-17,,4241.8182,0.0,0.0
3144,3144,F32560,2385.0,E,5.0,2020-08-18 10:32:36.193,2020-08-18,2020-08-12 00:00:00,2020-09-17,,46680.00000000001,0.0,0.0
3150,3150,F32566,3926.0,E,5.0,2020-08-18 17:04:58.717,2020-08-18,2020-08-12 00:00:00,2020-09-17,,2555.4243,0.0,0.0
3151,3151,F32567,2995.0,E,5.0,2020-08-19 09:47:50.500,2020-08-19,2020-08-11 00:00:00,2020-08-19,,3582.0,0.0,0.0
3164,3164,F32580,161.0,E,5.0,2020-08-19 17:04:32.687,2020-08-19,2020-08-14 00:00:00,2020-09-18,,1230.0,0.0,0.0
3179,3179,F32595,1053.0,E,5.0,2020-08-20 14:03:09.460,2020-08-20,2020-08-17 00:00:00,2020-09-19,,17372.82,0.0,0.0
3196,3196,F32612,466.0,E,5.0,2020-08-24 09:32:19.490,2020-08-24,2020-08-25 00:00:00,2020-10-23,,3780.000000000001,0.0,0.0
3202,3202,F32618,5573.0,E,5.0,2020-08-24 12:10:06.147,2020-08-24,2020-09-04 00:00:00,2020-08-24,,9160.0,0.0,0.0
3209,3209,F32625,4786.0,E,5.0,2020-08-25 10:11:25.630,2020-08-25,2020-08-18 00:00:00,2020-08-25,,33280.0,0.0,0.0
3225,3225,F32641,85.0,E,5.0,2020-08-26 10:50:15.850,2020-08-26,2020-08-28 00:00:00,2020-09-10,,6578.36,0.0,0.0
3231,3231,F32647,153.0,E,5.0,2020-08-26 12:57:45.853,2020-08-26,2020-08-24 00:00:00,2020-08-26,,28760.000000000004,0.0,0.0
3239,3239,F32655,1289.0,E,5.0,2020-08-27 11:18:26.477,2020-08-27,2020-08-26 00:00:00,2020-09-26,,1397.0000000000002,0.0,0.0
3247,3247,F32663,4369.0,E,5.0,2020-08-27 15:32:33.517,2020-08-27,2020-08-27 00:00:00,2020-08-27,,3362.0,0.0,0.0
3249,3249,F32665,2080.0,C,5.0,2020-08-27 16:54:32.603,2020-08-27,2020-09-28 00:00:00,2020-08-27,2020-08-28,46874.00000000001,0.0,0.0
3253,3253,F32669,466.0,E,5.0,2020-08-28 09:24:19.903,2020-08-28,2020-08-27 00:00:00,2020-10-27,,11760.000000000002,0.0,0.0
3254,3254,F32670,3607.0,C,5.0,2020-08-28 09:27:00.800,2020-08-28,2020-08-19 00:00:00,2020-08-28,2020-08-28,1800.0000000000002,0.0,0.0
3258,3258,F32674,7043.0,E,5.0,2020-08-28 13:32:13.343,2020-08-28,2020-06-09 00:00:00,2020-08-28,,1400.0000000000002,210.0,0.0
3261,3261,F32677,2385.0,E,5.0,2020-08-28 17:12:30.743,2020-08-28,2020-08-28 00:00:00,2020-09-27,,23340.000000000004,0.0,0.0
3262,3262,F32678,2385.0,E,5.0,2020-08-28 17:23:08.390,2020-08-28,2020-09-04 00:00:00,2020-09-27,,46680.00000000001,0.0,0.0
3268,3268,F32684,4598.0,E,5.0,2020-08-31 13:40:26.647,2020-08-31,2020-09-03 00:00:00,2020-09-30,,17703.600000000002,0.0,0.0
3269,3269,F32685,1429.0,E,5.0,2020-08-31 13:43:02.617,2020-08-31,2020-08-31 00:00:00,2020-09-30,,23625.000000000004,0.0,0.0
3317,3317,F32733,1289.0,E,5.0,2020-09-03 12:30:39.353,2020-09-03,2020-09-03 00:00:00,2020-10-03,,1397.0000000000002,0.0,0.0
3318,3318,F32734,1453.0,E,5.0,2020-09-03 12:34:06.480,2020-09-03,2020-08-27 00:00:00,2020-10-03,,8700.0,0.0,0.0
3319,3319,F32735,8133.0,C,5.0,2020-09-03 12:46:17.627,2020-09-03,2020-09-03 00:00:00,2020-09-03,2020-09-03,420.00000000000006,0.0,0.0
3321,3321,F32737,161.0,E,5.0,2020-09-03 13:39:21.163,2020-09-03,2020-09-03 00:00:00,2020-10-03,,895.5,0.0,0.0
3327,3327,F32743,2995.0,E,5.0,2020-09-03 14:52:41.297,2020-09-03,2020-09-03 00:00:00,2020-09-03,,600.0,0.0,0.0
3329,3329,F32745,5728.0,E,5.0,2020-09-03 16:39:13.027,2020-09-03,2020-09-07 00:00:00,2020-09-11,,6145.500000000001,0.0,0.0
3330,3330,F32746,5728.0,E,5.0,2020-09-03 16:41:19.583,2020-09-03,2020-09-04 00:00:00,2020-09-11,,5905.650000000001,0.0,0.0
3337,3337,F32753,8126.0,E,5.0,2020-09-03 17:58:21.063,2020-09-03,2020-09-07 00:00:00,2020-09-03,,2600.0,0.0,0.0
3338,3338,F32754,8133.0,E,5.0,2020-09-04 09:35:09.700,2020-09-04,2020-09-04 00:00:00,2020-09-04,,419.998724,0.0,0.0
3360,3360,F32776,1289.0,E,5.0,2020-09-07 17:46:26.767,2020-09-07,2020-09-04 00:00:00,2020-10-07,,4191.0,0.0,0.0
3388,3388,F32804,6401.0,E,5.0,2020-09-09 12:10:38.947,2020-09-09,2020-08-25 00:00:00,2020-10-09,,1990.0,0.0,0.0
3389,3389,F32805,4598.0,E,5.0,2020-09-09 12:49:59.433,2020-09-09,2020-09-02 00:00:00,2020-10-09,,17703.6,0.0,0.0
3390,3390,F32806,1289.0,E,5.0,2020-09-09 12:57:00.297,2020-09-09,2020-09-10 00:00:00,2020-10-09,,690.0,0.0,0.0
3391,3391,F32807,466.0,E,5.0,2020-09-09 13:31:14.700,2020-09-09,2020-09-04 00:00:00,2020-11-08,,9606.000000000002,0.0,0.0
3392,3392,F32808,466.0,E,5.0,2020-09-09 13:34:02.520,2020-09-09,2020-09-04 00:00:00,2020-11-08,,5757.1,0.0,0.0
3409,3409,F32825,8144.0,E,5.0,2020-09-10 17:29:09.203,2020-09-10,2020-09-10 00:00:00,2020-09-10,,1760.0000000000002,0.0,0.0
3418,3418,F32834,2080.0,E,5.0,2020-09-11 16:53:08.480,2020-09-11,2020-09-28 00:00:00,2020-09-11,,46874.00000000001,0.0,0.0
3430,3430,F32846,3916.0,E,5.0,2020-09-17 10:13:45.387,2020-09-17,2020-09-07 00:00:00,2020-10-02,,1100.0,0.0,0.0
3433,3433,F32849,2390.0,E,5.0,2020-09-18 10:29:11.273,2020-09-18,2020-09-15 00:00:00,2020-10-18,,35700.0,0.0,0.0
3444,3444,F32860,644.0,E,5.0,2020-09-18 16:10:21.657,2020-09-18,2020-09-11 00:00:00,2020-11-17,,8500.0,0.0,0.0
3446,3446,F32862,2385.0,E,5.0,2020-09-18 17:09:33.313,2020-09-18,2020-09-18 00:00:00,2020-10-18,,23340.000000000004,0.0,0.0
3447,3447,F32863,2385.0,E,5.0,2020-09-18 17:19:56.640,2020-09-18,2020-09-18 00:00:00,2020-10-18,,46680.00000000001,0.0,0.0
3464,3464,F32880,161.0,E,5.0,2020-09-21 17:07:56.183,2020-09-21,2020-09-21 00:00:00,2020-10-21,,261.0,0.0,0.0
3467,3467,F32883,8145.0,E,5.0,2020-09-22 09:04:56.027,2020-09-22,2020-09-17 00:00:00,2020-09-22,,9200.0,0.0,0.0
3481,3481,F32897,4910.0,E,5.0,2020-09-22 17:51:32.027,2020-09-22,2020-09-22 00:00:00,2020-09-22,,511.208,0.0,0.0
3482,3482,F32898,161.0,E,5.0,2020-09-23 08:34:56.370,2020-09-23,2020-09-23 00:00:00,2020-10-23,,895.5,0.0,0.0
3483,3483,F32899,466.0,E,5.0,2020-09-23 08:37:32.867,2020-09-23,2020-09-25 00:00:00,2020-11-22,,1130.5,0.0,0.0
3484,3484,F32900,644.0,E,5.0,2020-09-23 08:39:24.630,2020-09-23,2020-09-23 00:00:00,2020-11-22,,17000.0,0.0,0.0
3491,3491,F32907,161.0,E,5.0,2020-09-24 10:17:22.773,2020-09-24,2020-09-28 00:00:00,2020-10-24,,2460.0,0.0,0.0
3492,3492,F32908,5728.0,E,5.0,2020-09-24 10:21:20.087,2020-09-24,2020-09-28 00:00:00,2020-10-02,,4198.6,0.0,0.0
3494,3494,F32910,2385.0,E,5.0,2020-09-24 12:17:23.207,2020-09-24,2020-09-11 00:00:00,2020-10-24,,155400.0,0.0,0.0
3497,3497,F32913,3612.0,E,5.0,2020-09-24 14:18:32.413,2020-09-24,2020-08-13 00:00:00,2020-09-24,,533.6,0.0,0.0
3502,3502,F32918,8149.0,E,5.0,2020-09-28 09:56:28.977,2020-09-28,2020-09-23 00:00:00,2020-09-28,,1440.0000000000002,0.0,0.0
3503,3503,F32919,5647.0,E,5.0,2020-09-28 11:08:40.180,2020-09-28,2020-09-28 00:00:00,2020-09-28,,240.00000000000003,0.0,0.0
3523,3523,F32939,1289.0,E,5.0,2020-09-29 08:39:31.870,2020-09-29,2020-09-21 00:00:00,2020-10-29,,3754.12,0.0,0.0
3524,3524,F32940,644.0,E,5.0,2020-09-29 09:10:50.127,2020-09-29,2020-09-30 00:00:00,2020-11-28,,12200.0,0.0,0.0
3534,3534,F32950,644.0,E,5.0,2020-09-29 17:49:53.207,2020-09-29,2020-09-30 00:00:00,2020-11-28,,35673.0,0.0,0.0
3535,3535,F32951,466.0,E,5.0,2020-09-29 17:51:51.667,2020-09-29,2020-09-30 00:00:00,2020-11-28,,1937.6,0.0,0.0
3538,3538,F32954,2029.0,E,5.0,2020-09-30 10:00:13.247,2020-09-30,2020-09-30 00:00:00,2020-10-15,,10240.0,0.0,0.0
3543,3543,F32959,8125.0,E,5.0,2020-09-30 12:20:40.870,2020-09-30,2020-09-30 00:00:00,2020-09-30,,2500.0,0.0,0.0
3549,3549,F32965,1429.0,E,5.0,2020-09-30 13:55:24.397,2020-09-30,2020-10-05 00:00:00,2020-11-29,,9450.0,0.0,0.0
3550,3550,F32966,8145.0,E,5.0,2020-09-30 14:46:54.733,2020-09-30,2020-09-30 00:00:00,2020-09-30,,5725.000000000001,0.0,0.0
3554,3554,F32970,8145.0,E,5.0,2020-09-30 15:08:10.670,2020-09-30,2020-09-29 00:00:00,2020-09-30,,4980.0,0.0,0.0
3562,3562,F32978,8151.0,E,5.0,2020-09-30 17:12:51.127,2020-09-30,2020-09-30 00:00:00,2020-09-30,,13603.9655,0.0,0.0
3570,3570,F32986,5926.0,E,5.0,2020-09-30 17:45:09.433,2020-09-30,2020-09-30 00:00:00,2020-09-30,,600.0,0.0,0.0
3595,3595,F33011,5728.0,E,5.0,2020-10-02 16:11:53.900,2020-10-02,2020-10-06 00:00:00,2020-10-10,,7224.000000000001,0.0,0.0
3606,3606,F33022,5039.0,E,5.0,2020-10-06 08:53:01.740,2020-10-06,2020-10-02 00:00:00,2020-11-05,,5550.0,0.0,0.0
3616,3616,F33032,2385.0,E,5.0,2020-10-07 10:02:49.020,2020-10-07,2020-09-28 00:00:00,2020-11-06,,13940.000000000002,0.0,0.0
3622,3622,F33038,8125.0,E,5.0,2020-10-07 15:58:48.427,2020-10-07,2020-10-06 00:00:00,2020-10-07,,2500.0,0.0,0.0
3624,3624,F33040,2995.0,E,5.0,2020-10-07 16:33:23.900,2020-10-07,2020-09-28 00:00:00,2020-10-07,,600.0,0.0,0.0
3625,3625,F33041,8145.0,E,5.0,2020-10-07 16:42:04.193,2020-10-07,2020-09-15 00:00:00,2020-10-07,,5725.003000000001,0.0,0.0
3626,3626,F33042,8145.0,E,5.0,2020-10-07 16:50:32.190,2020-10-07,2020-10-06 00:00:00,2020-10-07,,1100.0,0.0,0.0
3630,3630,F33046,466.0,E,5.0,2020-10-08 08:31:33.863,2020-10-08,2020-10-07 00:00:00,2020-12-07,,1937.6,0.0,0.0
3634,3634,F33050,161.0,E,5.0,2020-10-08 10:28:54.590,2020-10-08,2020-10-08 00:00:00,2020-11-07,,895.5000000000001,0.0,0.0
3647,3647,F33063,8148.0,E,5.0,2020-10-08 17:18:10.910,2020-10-08,2020-09-22 00:00:00,2020-10-08,,11454.000000000002,0.0,0.0
3648,3648,F33064,4598.0,E,5.0,2020-10-09 08:52:12.920,2020-10-09,2020-10-06 00:00:00,2020-11-08,,14753.0,0.0,0.0
3651,3651,F33067,2503.0,E,5.0,2020-10-09 10:37:41.700,2020-10-09,2020-10-14 00:00:00,2020-10-09,,3000.0,0.0,0.0
3671,3671,F33087,8133.0,E,5.0,2020-10-12 17:56:07.740,2020-10-12,2020-10-12 00:00:00,2020-10-12,,795.0,0.0,0.0
3678,3678,F33094,8151.0,E,5.0,2020-10-13 12:32:56.920,2020-10-13,2020-10-06 00:00:00,2020-10-13,,733.6206000000001,0.0,0.0
3679,3679,F33095,8151.0,E,5.0,2020-10-13 12:37:31.837,2020-10-13,2020-10-01 00:00:00,2020-10-13,,26060.0,0.0,0.0
3684,3684,F33100,2385.0,E,5.0,2020-10-13 16:14:53.893,2020-10-13,2020-10-16 00:00:00,2020-11-12,,57000.00000000001,0.0,0.0
3686,3686,F33102,4382.0,E,5.0,2020-10-13 17:38:10.183,2020-10-13,2020-10-07 00:00:00,2020-10-13,,980.0,0.0,0.0
3688,3688,F33104,644.0,E,5.0,2020-10-14 09:40:18.923,2020-10-14,2020-10-09 00:00:00,2020-12-13,,7788.000000000001,0.0,0.0
3689,3689,F33105,644.0,E,5.0,2020-10-14 09:43:15.847,2020-10-14,2020-10-09 00:00:00,2020-12-13,,3450.0000000000005,0.0,0.0
3690,3690,F33106,644.0,E,5.0,2020-10-14 09:45:03.327,2020-10-14,2020-10-12 00:00:00,2020-12-13,,1725.0000000000002,0.0,0.0
3702,3702,F33118,466.0,E,5.0,2020-10-14 15:23:44.627,2020-10-14,2020-09-29 00:00:00,2020-12-13,,3180.0000000000005,0.0,0.0
3707,3707,F33123,8184.0,E,5.0,2020-10-14 16:49:07.207,2020-10-14,2020-10-14 00:00:00,2020-10-14,,1200.0,0.0,0.0
3708,3708,F33124,8184.0,E,5.0,2020-10-14 16:50:33.280,2020-10-14,2020-10-14 00:00:00,2020-10-14,,2400.0,0.0,0.0
3712,3712,F33128,687.0,E,5.0,2020-10-14 17:18:38.790,2020-10-14,2020-10-10 00:00:00,2020-11-13,,1590.0000000000002,0.0,0.0
3715,3715,F33131,5074.0,E,5.0,2020-10-15 09:24:03.327,2020-10-15,2020-10-12 00:00:00,2020-10-15,,13712.0,0.0,0.0
3716,3716,F33132,644.0,E,5.0,2020-10-15 10:45:12.643,2020-10-15,2020-10-09 00:00:00,2020-12-14,,8500.0,0.0,0.0
3717,3717,F33133,644.0,E,5.0,2020-10-15 10:46:25.737,2020-10-15,2020-10-13 00:00:00,2020-12-14,,1900.0,0.0,0.0
3718,3718,F33134,2385.0,E,5.0,2020-10-15 11:25:18.793,2020-10-15,2020-10-07 00:00:00,2020-11-14,,12000.0,0.0,0.0
3746,3746,F33162,8151.0,E,5.0,2020-10-19 11:30:40.957,2020-10-19,2020-10-14 00:00:00,2020-10-19,,960.0,0.0,0.0
3747,3747,F33163,8151.0,E,5.0,2020-10-19 11:32:16.117,2020-10-19,2020-10-15 00:00:00,2020-10-19,,750.0,0.0,0.0
3751,3751,F33167,2503.0,E,5.0,2020-10-19 14:05:50.337,2020-10-19,2020-10-16 00:00:00,2020-10-19,,1850.0,0.0,0.0
3752,3752,F33168,1289.0,E,5.0,2020-10-19 14:16:58.617,2020-10-19,2020-10-13 00:00:00,2020-11-18,,3380.0000000000005,0.0,0.0
3772,3772,F33188,3607.0,E,5.0,2020-10-21 09:31:36.287,2020-10-21,2020-08-19 00:00:00,2020-10-21,,1800.0,0.0,0.0
3773,3773,F33189,466.0,E,5.0,2020-10-21 09:40:02.507,2020-10-21,2020-10-12 00:00:00,2020-12-20,,5880.000000000001,0.0,0.0
3774,3774,F33190,466.0,E,5.0,2020-10-21 10:04:55.617,2020-10-21,2020-10-12 00:00:00,2020-12-20,,11760.000000000002,0.0,0.0
3816,3816,F33232,8204.0,E,5.0,2020-10-26 14:39:48.713,2020-10-26,2020-10-26 00:00:00,2020-10-26,,650.0,0.0,0.0
3820,3820,F33236,2465.0,E,5.0,2020-10-27 08:10:41.627,2020-10-27,2020-10-27 00:00:00,2020-11-11,,1565.9985,0.0,0.0
3824,3824,F33240,925.0,E,5.0,2020-10-27 11:09:29.313,2020-10-27,2020-10-19 00:00:00,2020-12-26,,3600.0000000000005,0.0,0.0
3832,3832,F33248,1429.0,E,5.0,2020-10-27 16:30:36.977,2020-10-27,2020-11-02 00:00:00,2020-12-26,,23625.000000000004,0.0,0.0
3838,3838,F33254,6253.0,E,5.0,2020-10-28 09:56:32.637,2020-10-28,2020-10-19 00:00:00,2020-11-05,,11384.000000000002,0.0,0.0
3839,3839,F33255,5894.0,E,5.0,2020-10-28 10:14:19.980,2020-10-28,2020-10-01 00:00:00,2020-11-27,,4275.0,0.0,0.0
3852,3852,F33268,6253.0,E,5.0,2020-10-29 10:26:04.923,2020-10-29,2020-10-20 00:00:00,2020-11-06,,12600.000000000002,0.0,0.0
3870,3870,F33286,3598.0,E,5.0,2020-10-30 09:29:23.647,2020-10-30,2020-10-12 00:00:00,2020-11-29,,31458.44,0.0,0.0
3871,3871,F33287,3598.0,E,5.0,2020-10-30 09:38:17.213,2020-10-30,2020-10-12 00:00:00,2020-11-29,,13573.000000000002,1628.7600000000002,0.0
3887,3887,F33303,5728.0,E,5.0,2020-10-30 17:00:20.683,2020-10-30,2020-10-28 00:00:00,2020-11-07,,20930.4,0.0,0.0
3912,3912,F33328,3916.0,E,5.0,2020-11-04 17:29:15.157,2020-11-04,2020-10-30 00:00:00,2020-11-19,,1400.0000000000002,0.0,0.0
3913,3913,F33329,3912.0,C,5.0,2020-11-04 17:44:11.060,2020-11-04,2020-11-04 00:00:00,2020-12-04,2020-11-12,137250.0,0.0,0.0
3923,3923,F33339,1453.0,E,5.0,2020-11-05 09:14:31.723,2020-11-05,2020-11-05 00:00:00,2020-12-05,,1305.0,0.0,0.0
3924,3924,F33340,8216.0,E,5.0,2020-11-05 10:49:03.450,2020-11-05,2020-11-05 00:00:00,2020-11-05,,690.0,0.0,0.0
3938,3938,F33354,8220.0,E,5.0,2020-11-06 12:43:44.097,2020-11-06,2020-11-06 00:00:00,2020-11-06,,2388.8015,0.0,0.0
3939,3939,F33355,8221.0,E,5.0,2020-11-06 13:18:42.613,2020-11-06,2020-11-06 00:00:00,2020-11-06,,300.0,0.0,0.0
3947,3947,F33363,6009.0,E,5.0,2020-11-09 11:49:44.527,2020-11-09,2020-11-09 00:00:00,2020-11-09,,6096.999,0.0,0.0
3948,3948,F33364,8222.0,E,5.0,2020-11-09 12:26:16.127,2020-11-09,2020-11-09 00:00:00,2020-11-09,,1804.0517,0.0,0.0
3950,3950,F33366,3912.0,E,5.0,2020-11-10 09:50:17.217,2020-11-10,2020-11-10 00:00:00,2020-12-10,,137250.0,0.0,0.0
3956,3956,F33372,6401.0,E,5.0,2020-11-11 09:46:07.027,2020-11-11,2020-11-10 00:00:00,2020-12-11,,1907.0,0.0,0.0
3976,3976,F33392,6401.0,E,5.0,2020-11-12 17:45:13.123,2020-11-12,2020-11-10 00:00:00,2020-12-12,,2830.0000000000005,0.0,0.0
3978,3978,F33394,8145.0,E,5.0,2020-11-13 08:46:07.080,2020-11-13,2020-11-13 00:00:00,2020-11-13,,1354.98,0.0,0.0
3983,3983,F33399,4906.0,E,5.0,2020-11-13 12:13:44.017,2020-11-13,2020-11-13 00:00:00,2020-11-13,,1691.3016000000002,0.0,0.0
3991,3991,F33407,4990.0,E,5.0,2020-11-13 17:27:22.127,2020-11-13,2020-11-13 00:00:00,2020-11-13,,1557.0,0.0,0.0
3993,3993,F33409,1016.0,E,5.0,2020-11-17 09:25:13.140,2020-11-17,2020-11-03 00:00:00,2020-11-17,,1530.0,0.0,0.0
4001,4001,F33417,4950.0,E,5.0,2020-11-17 13:11:40.970,2020-11-17,2020-11-17 00:00:00,2020-11-17,,140.00000000000003,0.0,0.0
4004,4004,F33420,3032.0,E,5.0,2020-11-17 14:34:07.227,2020-11-17,2020-11-17 00:00:00,2020-11-17,,1115.16,0.0,0.0
4005,4005,F33421,5926.0,E,5.0,2020-11-17 14:43:33.393,2020-11-17,2020-11-17 00:00:00,2020-11-17,,387.931,0.0,0.0
4014,4014,F33430,8227.0,E,5.0,2020-11-18 09:54:47.050,2020-11-18,2020-11-18 00:00:00,2020-11-18,,689.6277,0.0,0.0
4020,4020,F33436,2029.0,E,5.0,2020-11-18 10:51:55.547,2020-11-18,2020-11-18 00:00:00,2020-12-03,,3400.0000000000005,0.0,0.0
4024,4024,F33440,1453.0,E,5.0,2020-11-18 12:18:10.217,2020-11-18,2020-11-18 00:00:00,2020-12-18,,1450.0000000000002,0.0,0.0
4036,4036,F33452,5894.0,E,5.0,2020-11-19 11:04:41.227,2020-11-19,2020-11-19 00:00:00,2020-12-19,,2640.0000000000005,0.0,0.0
4039,4039,F33455,6009.0,E,5.0,2020-11-19 11:30:20.447,2020-11-19,2020-11-17 00:00:00,2020-11-19,,1440.0000000000002,0.0,0.0
4046,4046,F33462,3926.0,E,5.0,2020-11-20 12:43:33.790,2020-11-20,2020-11-17 00:00:00,2020-12-20,,1580.0400000000002,0.0,0.0
4056,4056,F33472,2385.0,E,5.0,2020-11-20 14:45:27.957,2020-11-20,2020-11-19 00:00:00,2020-12-20,,46680.00000000001,0.0,0.0
4058,4058,F33474,93.0,E,5.0,2020-11-20 15:49:03.950,2020-11-20,2020-11-18 00:00:00,2020-11-20,,2758.6206,0.0,0.0
4060,4060,F33476,8236.0,E,5.0,2020-11-20 17:44:15.320,2020-11-20,2020-11-20 00:00:00,2020-11-20,,1016.6,0.0,0.0
4064,4064,F33480,2385.0,E,5.0,2020-11-23 16:07:55.937,2020-11-23,2020-11-23 00:00:00,2020-12-23,,6300.000000000001,0.0,0.0
4069,4069,F33485,2963.0,E,5.0,2020-11-24 09:17:52.873,2020-11-24,2020-11-13 00:00:00,2020-11-24,,2200.0,0.0,0.0
4070,4070,F33486,4598.0,E,5.0,2020-11-24 09:19:36.047,2020-11-24,2020-11-20 00:00:00,2020-12-24,,17703.600000000002,0.0,0.0
4083,4083,F33499,6948.0,E,5.0,2020-11-25 07:58:18.720,2020-11-25,2020-11-25 00:00:00,2020-11-25,,564.1637,0.0,0.0
4085,4085,F33501,6111.0,E,5.0,2020-11-25 10:59:56.243,2020-11-25,2020-11-25 00:00:00,2020-11-25,,722.6422,0.0,0.0
4103,4103,F33519,2390.0,E,5.0,2020-11-26 09:27:28.913,2020-11-26,2020-11-23 00:00:00,2020-12-26,,4005.0,0.0,0.0
4107,4107,F33523,3655.0,E,5.0,2020-11-26 11:37:47.590,2020-11-26,2020-11-26 00:00:00,2020-11-26,,129.86,0.0,0.0
4113,4113,F33529,6051.0,E,5.0,2020-11-26 14:31:35.457,2020-11-26,2020-11-26 00:00:00,2020-11-26,,402.50000000000006,0.0,0.0
4125,4125,F33541,1020.0,E,5.0,2020-11-27 09:20:16.590,2020-11-27,2020-11-27 00:00:00,2020-12-27,,143.4109,0.0,0.0
4137,4137,F33553,8145.0,E,5.0,2020-11-27 14:04:50.433,2020-11-27,2020-11-12 00:00:00,2020-11-27,,10000.0,0.0,0.0
4180,4180,F33596,8225.0,E,5.0,2020-12-01 13:32:58.267,2020-12-01,2020-11-30 00:00:00,2020-12-01,,2450.0,0.0,0.0
4181,4181,F33597,2385.0,E,5.0,2020-12-01 13:35:12.403,2020-12-01,2020-11-24 00:00:00,2020-12-31,,3700.000000000001,0.0,0.0
4213,4213,F33629,2385.0,E,5.0,2020-12-04 08:58:00.267,2020-12-04,2020-11-19 00:00:00,2021-01-03,,88574.0,0.0,0.0
4214,4214,F33630,2385.0,E,5.0,2020-12-04 09:01:40.460,2020-12-04,2020-11-19 00:00:00,2021-01-03,,88574.0,0.0,0.0
4224,4224,F33640,8235.0,E,5.0,2020-12-04 14:09:09.963,2020-12-04,2020-11-27 00:00:00,2020-12-04,,5877.000000000001,0.0,0.0
4229,4229,F33645,4598.0,E,5.0,2020-12-07 09:49:53.327,2020-12-07,2020-11-27 00:00:00,2021-01-06,,9159.75,0.0,0.0
4230,4230,F33646,4080.0,E,5.0,2020-12-07 10:25:51.637,2020-12-07,2020-12-02 00:00:00,2020-12-07,,11821.29,0.0,0.0
4248,4248,F33664,2803.0,E,5.0,2020-12-08 13:41:15.793,2020-12-08,2020-12-12 00:00:00,2020-12-08,,1100.0,0.0,0.0
4254,4254,F33670,5981.0,E,5.0,2020-12-09 10:20:06.253,2020-12-09,2020-12-09 00:00:00,2021-01-08,,7671.060200000001,0.0,0.0
4295,4295,F33711,4843.0,E,5.0,2020-12-14 10:02:22.123,2020-12-14,2020-12-15 00:00:00,2020-12-14,,24693.86,0.0,0.0
4315,4315,F33731,4843.0,E,5.0,2020-12-15 13:16:04.907,2020-12-15,2020-12-08 00:00:00,2020-12-15,,3174.682,0.0,0.0
4331,4331,F33747,2385.0,E,5.0,2020-12-16 13:49:36.163,2020-12-16,2020-12-17 00:00:00,2021-01-15,,9440.0,0.0,0.0
4348,4348,F33764,4843.0,E,5.0,2020-12-18 11:56:52.507,2020-12-18,2020-12-17 00:00:00,2020-12-18,,27126.000000000004,0.0,0.0
4363,4363,F33779,1339.0,E,5.0,2020-12-21 12:58:19.663,2020-12-21,2020-12-16 00:00:00,2021-01-20,,6284.000000000001,0.0,0.0
4492,4492,F33908,5926.0,E,5.0,2021-01-15 13:18:53.560,2021-01-15,2020-11-25 00:00:00,2021-01-15,,300.0,0.0,0.0
4493,4493,F33909,5926.0,E,5.0,2021-01-15 14:49:11.627,2021-01-15,2021-01-15 00:00:00,2021-01-15,,150.0,0.0,0.0
4514,4514,F33930,4695.0,E,5.0,2021-01-19 12:17:57.187,2021-01-19,2020-12-09 00:00:00,2021-03-20,,1597.2,0.0,0.0
4543,4543,F33959,4843.0,E,5.0,2021-01-21 15:12:03.533,2021-01-21,2020-12-14 00:00:00,2021-01-21,,74322.0,0.0,0.0
4555,4555,F33971,5039.0,E,5.0,2021-01-25 10:04:32.350,2021-01-25,2021-01-12 00:00:00,2021-02-24,,11094.94,0.0,0.0
4597,4597,F34013,4843.0,E,5.0,2021-01-27 16:43:16.367,2021-01-27,2021-01-18 00:00:00,2021-01-27,,32981.8,0.0,0.0
4607,4607,F34023,6314.0,E,5.0,2021-01-28 10:35:14.573,2021-01-28,2021-01-19 00:00:00,2021-01-28,,4430.0,0.0,0.0
4635,4635,F34051,8149.0,E,5.0,2021-01-29 13:04:31.610,2021-01-29,2021-01-29 00:00:00,2021-01-29,,534.5517000000001,0.0,0.0
4653,4653,F34069,640.0,E,5.0,2021-01-29 15:53:12.917,2021-01-29,2021-01-29 00:00:00,2021-01-29,,6284.000000000001,0.0,0.0
4656,4656,F34072,1053.0,E,5.0,2021-01-29 16:03:59.460,2021-01-29,2021-01-27 00:00:00,2021-04-29,,17372.82,0.0,0.0
4681,4681,F34097,7098.0,E,5.0,2021-02-03 15:34:10.350,2021-02-03,2021-01-22 00:00:00,2021-02-03,,2937.0000000000005,0.0,0.0
4687,4687,F34103,1289.0,E,5.0,2021-02-04 10:51:50.633,2021-02-04,2021-01-29 00:00:00,2021-03-06,,4692.650000000001,0.0,0.0
4780,4780,F34196,8145.0,C,5.0,2021-02-15 10:43:36.683,2021-02-15,2021-02-11 00:00:00,2021-02-15,2021-02-16,1475.0000000000002,0.0,0.0
4845,4845,F34261,1289.0,E,5.0,2021-02-19 08:38:56.607,2021-02-19,2021-02-18 00:00:00,2021-03-21,,3754.12,0.0,0.0
4869,4869,F34285,6032.0,E,5.0,2021-02-22 14:48:57.743,2021-02-22,2021-02-22 00:00:00,2021-02-22,,9618.6082,0.0,0.0
4892,4892,F34308,3912.0,E,5.0,2021-02-23 15:22:21.900,2021-02-23,2021-02-23 00:00:00,2021-03-25,,137250.0,0.0,0.0
4917,4917,F34333,3912.0,E,5.0,2021-02-24 17:17:52.343,2021-02-24,2021-02-28 00:00:00,2021-03-26,,41160.0,0.0,0.0
4926,4926,F34342,8145.0,E,5.0,2021-02-25 12:26:12.680,2021-02-25,2021-02-24 00:00:00,2021-02-28,,2375.0,0.0,0.0
4981,4981,F34397,3878.0,E,5.0,2021-03-02 14:50:58.190,2021-03-02,2021-03-05 00:00:00,2021-03-02,,2508.0,0.0,0.0
4985,4985,F34401,2548.0,E,5.0,2021-03-02 17:06:35.067,2021-03-02,2021-03-04 00:00:00,2021-03-02,,8590.0,0.0,0.0
5016,5016,F34432,3912.0,C,5.0,2021-03-04 17:53:51.440,2021-03-04,2021-03-04 00:00:00,2021-04-03,2021-03-26,137250.0,0.0,0.0
5023,5023,F34439,4549.0,E,5.0,2021-03-05 13:59:44.903,2021-03-05,2021-03-05 00:00:00,2021-03-05,,4770.0,0.0,0.0
5027,5027,F34443,5926.0,E,5.0,2021-03-05 17:49:10.923,2021-03-05,2021-03-01 00:00:00,2021-03-05,,6500.000000000001,0.0,0.0
5044,5044,F34460,6396.0,E,5.0,2021-03-09 09:06:13.837,2021-03-09,2021-03-01 00:00:00,2021-04-08,,4563.0,0.0,0.0
5054,5054,F34470,3912.0,E,5.0,2021-03-09 12:47:11.083,2021-03-09,2021-01-06 00:00:00,2021-04-08,,44954.96000000001,0.0,0.0
5055,5055,F34471,3912.0,E,5.0,2021-03-09 12:52:00.773,2021-03-09,2021-02-18 00:00:00,2021-04-08,,20840.0,0.0,0.0
5057,5057,F34473,6059.0,E,5.0,2021-03-09 13:19:13.667,2021-03-09,2021-03-11 00:00:00,2021-03-09,,7110.000000000001,0.0,0.0
5071,5071,F34487,3912.0,E,5.0,2021-03-10 12:33:32.847,2021-03-10,2021-03-10 00:00:00,2021-04-09,,137250.0,0.0,0.0
5109,5109,F34525,1453.0,E,5.0,2021-03-16 12:24:01.117,2021-03-16,2021-03-12 00:00:00,2021-04-15,,9300.0,0.0,0.0
5110,5110,F34526,8019.0,E,5.0,2021-03-16 12:44:14.447,2021-03-16,2021-03-02 00:00:00,2021-03-16,,2980.0000000000005,0.0,0.0
5120,5120,F34536,8019.0,E,5.0,2021-03-17 08:53:00.980,2021-03-17,2021-03-02 00:00:00,2021-03-17,,2980.0,0.0,0.0
5128,5128,F34544,6401.0,E,5.0,2021-03-17 17:54:22.237,2021-03-17,2021-03-18 00:00:00,2021-04-16,,32400.000000000004,0.0,0.0
5145,5145,F34561,5926.0,E,5.0,2021-03-18 16:30:07.420,2021-03-18,2021-03-18 00:00:00,2021-03-18,,819.9960000000001,0.0,0.0
5149,5149,F34565,4549.0,E,5.0,2021-03-19 11:05:36.830,2021-03-19,2021-03-12 00:00:00,2021-03-19,,4770.0,0.0,0.0
5161,5161,F34577,8145.0,E,5.0,2021-03-22 12:36:17.400,2021-03-22,2021-03-03 00:00:00,2021-03-25,,3095.0,0.0,0.0
5203,5203,F34619,8145.0,E,5.0,2021-03-25 09:21:57.477,2021-03-25,2021-03-25 00:00:00,2021-03-28,,425.0,0.0,0.0
5210,5210,F34626,1289.0,E,5.0,2021-03-25 13:12:17.817,2021-03-25,2021-03-19 00:00:00,2021-04-24,,3754.12,0.0,0.0
5212,5212,F34628,2548.0,E,5.0,2021-03-25 14:51:22.383,2021-03-25,2021-03-24 00:00:00,2021-03-25,,1350.0,0.0,0.0
5247,5247,F34663,5926.0,E,5.0,2021-03-30 16:43:39.910,2021-03-30,2021-03-30 00:00:00,2021-03-30,,215.51720000000003,0.0,0.0
5287,5287,F34703,3912.0,E,5.0,2021-04-06 15:12:50.267,2021-04-06,2021-04-06 00:00:00,2021-05-06,,20840.0,0.0,0.0
5289,5289,F34705,3912.0,E,5.0,2021-04-06 16:07:06.040,2021-04-06,2021-04-06 00:00:00,2021-05-06,,44954.96000000001,0.0,0.0
5296,5296,F34712,3912.0,E,5.0,2021-04-06 18:02:57.213,2021-04-06,2021-01-25 00:00:00,2021-05-06,,274500.0,0.0,0.0
5345,5345,F34761,3852.0,E,5.0,2021-04-13 09:18:26.547,2021-04-13,2021-04-13 00:00:00,2021-04-13,,1350.0,0.0,0.0
5347,5347,F34763,1289.0,E,5.0,2021-04-13 10:20:09.367,2021-04-13,2021-03-26 00:00:00,2021-05-13,,3640.000000000001,0.0,0.0
5348,5348,F34764,1339.0,C,5.0,2021-04-13 10:56:15.173,2021-04-13,2021-03-29 00:00:00,2021-05-13,2021-04-13,6284.0,0.0,0.0
5349,5349,F34765,1339.0,C,5.0,2021-04-13 12:30:30.773,2021-04-13,2021-03-29 00:00:00,2021-05-13,2021-04-16,6284.000000000001,0.0,0.0
5392,5392,F34808,1339.0,E,5.0,2021-04-16 12:45:28.963,2021-04-16,2021-03-29 00:00:00,2021-05-16,,6284.000000000001,0.0,0.0
5394,5394,F34810,8151.0,E,5.0,2021-04-16 14:21:52.217,2021-04-16,2021-04-15 00:00:00,2021-04-16,,4952.5,0.0,0.0
5404,5404,F34820,5039.0,E,5.0,2021-04-19 17:26:20.730,2021-04-19,2021-04-19 00:00:00,2021-07-18,,2340.0,0.0,0.0
5449,5449,F34865,8137.0,E,5.0,2021-04-22 17:14:09.440,2021-04-22,2021-04-14 00:00:00,2021-04-22,,11300.0,0.0,0.0
5480,5480,F34896,5410.0,E,5.0,2021-04-26 17:27:08.863,2021-04-26,2021-04-26 00:00:00,2021-05-11,,240.00000000000003,0.0,0.0
5484,5484,F34900,1339.0,E,5.0,2021-04-27 10:43:36.567,2021-04-27,2021-04-21 00:00:00,2021-05-27,,8031.000000000001,0.0,0.0
5486,5486,F34902,2385.0,E,5.0,2021-04-27 15:21:46.473,2021-04-27,2021-04-16 00:00:00,2021-05-27,,31844.000000000004,0.0,0.0
5491,5491,F34907,1390.0,E,5.0,2021-04-28 09:10:34.847,2021-04-28,2021-04-26 00:00:00,2021-04-28,,4431.0,0.0,0.0
5503,5503,F34919,4695.0,E,5.0,2021-04-29 09:53:40.790,2021-04-29,2021-04-27 00:00:00,2021-06-28,,1597.2,0.0,0.0
5541,5541,F34957,1289.0,E,5.0,2021-05-04 09:51:58.370,2021-05-04,2021-04-21 00:00:00,2021-06-03,,5973.000000000001,0.0,0.0
5542,5542,F34958,1339.0,E,5.0,2021-05-04 09:57:56.260,2021-05-04,2021-04-21 00:00:00,2021-06-03,,24842.500000000004,0.0,0.0
5607,5607,F35023,2995.0,E,5.0,2021-05-12 12:06:33.203,2021-05-12,2021-05-03 00:00:00,2021-05-12,,2901.514,0.0,0.0
5608,5608,F35024,5981.0,E,5.0,2021-05-12 12:17:46.790,2021-05-12,2021-05-11 00:00:00,2021-06-11,,11955.000000000002,0.0,0.0
5633,5633,F35049,2963.0,E,5.0,2021-05-13 16:50:49.543,2021-05-13,2021-05-06 00:00:00,2021-05-13,,2378.0,0.0,0.0
5668,5668,F35084,5039.0,E,5.0,2021-05-19 10:42:07.707,2021-05-19,2021-05-10 00:00:00,2021-08-17,,18875.0,0.0,0.0
5669,5669,F35085,8336.0,E,5.0,2021-05-19 10:52:05.677,2021-05-19,2021-05-11 00:00:00,2021-05-19,,4091.0,0.0,0.0
5694,5694,F35110,2548.0,E,5.0,2021-05-21 08:34:40.557,2021-05-21,2021-05-21 00:00:00,2021-05-21,,1350.0,0.0,0.0
5995,5995,F35411,8235.0,E,5.0,2021-06-25 12:50:44.667,2021-06-25,2021-06-18 00:00:00,2021-06-25,,2419.2000000000003,0.0,0.0
5997,5997,F35413,2995.0,E,5.0,2021-06-25 13:31:18.227,2021-06-25,2021-06-24 00:00:00,2021-07-03,,1155.0,0.0,0.0
6014,6014,F35430,1083.0,E,5.0,2021-06-29 10:19:12.720,2021-06-29,2021-06-22 00:00:00,2021-06-29,,8327.41,0.0,0.0
6295,6295,F35711,1339.0,E,5.0,2021-07-30 10:08:54.900,2021-07-30,2021-07-30 00:00:00,2021-08-29,,11081.5225,0.0,0.0
6296,6296,F35712,8164.0,E,5.0,2021-07-30 10:47:35.520,2021-07-30,2021-07-20 00:00:00,2021-07-30,,4700.0,0.0,0.0
6337,6337,F35753,1339.0,C,5.0,2021-08-04 09:08:51.490,2021-08-04,2021-07-29 00:00:00,2021-09-03,2021-08-13,4157.22,0.0,0.0
6399,6399,F35815,2995.0,E,5.0,2021-08-12 08:58:50.597,2021-08-12,2021-08-12 00:00:00,2021-08-20,,481.8325,0.0,0.0
6406,6406,F35822,640.0,E,5.0,2021-08-12 10:27:40.873,2021-08-12,2021-08-12 00:00:00,2021-09-11,,11081.5225,0.0,0.0
6420,6420,F35836,640.0,E,5.0,2021-08-13 12:26:54.090,2021-08-13,2021-08-13 00:00:00,2021-09-12,,4157.22,0.0,0.0
6515,6515,F35931,2995.0,E,5.0,2021-08-24 10:40:15.777,2021-08-24,2021-08-23 00:00:00,2021-09-01,,2900.0000000000005,0.0,0.0
6559,6559,F35975,2144.0,E,5.0,2021-08-30 09:34:03.943,2021-08-30,2021-08-18 00:00:00,2021-09-29,,14851.71,0.0,0.0
6560,6560,F35976,6671.0,E,5.0,2021-08-30 09:41:15.677,2021-08-30,2021-08-20 00:00:00,2021-08-30,,2630.32,0.0,0.0
6561,6561,F35977,8164.0,E,5.0,2021-08-30 09:46:27.387,2021-08-30,2021-08-17 00:00:00,2021-08-30,,4700.0,0.0,0.0
6564,6564,F35980,8228.0,E,5.0,2021-08-30 10:04:52.487,2021-08-30,2021-08-23 00:00:00,2021-08-30,,4500.0,0.0,0.0
6583,6583,F35999,8426.0,E,5.0,2021-08-31 14:00:23.177,2021-08-31,2021-08-19 00:00:00,2021-09-30,,5325.780000000001,0.0,0.0
6596,6596,F36012,2995.0,E,5.0,2021-08-31 16:56:56.577,2021-08-31,2021-08-31 00:00:00,2021-09-08,,1000.0,0.0,0.0
6625,6625,F36041,3912.0,E,5.0,2021-09-03 09:57:09.227,2021-09-03,2021-09-03 00:00:00,2021-10-03,,3460.0000000000005,0.0,0.0
6648,6648,F36064,5441.0,E,5.0,2021-09-06 09:27:40.787,2021-09-06,2021-09-10 00:00:00,2021-09-06,,2400.0,0.0,0.0
6649,6649,F36065,5441.0,C,5.0,2021-09-06 09:39:57.937,2021-09-06,2021-09-10 00:00:00,2021-09-06,2021-09-08,2400.0,0.0,0.0
6651,6651,F36067,856.0,E,5.0,2021-09-06 10:17:09.697,2021-09-06,2021-09-06 00:00:00,2021-09-06,,61.21000000000001,0.0,0.0
6662,6662,F36078,5894.0,E,5.0,2021-09-07 08:35:55.720,2021-09-07,2021-09-07 00:00:00,2021-10-07,,1200.0,0.0,0.0
6683,6683,F36099,5441.0,E,5.0,2021-09-08 15:37:00.197,2021-09-08,2021-09-10 00:00:00,2021-09-08,,2650.0,0.0,0.0
6687,6687,F36103,8145.0,E,5.0,2021-09-09 08:50:36.960,2021-09-09,2021-09-14 00:00:00,2021-09-12,,2200.0,0.0,0.0
6751,6751,F36167,2995.0,E,5.0,2021-09-17 09:48:04.513,2021-09-17,2021-09-15 00:00:00,2021-09-25,,2100.0,0.0,0.0
6754,6754,F36170,4695.0,E,5.0,2021-09-17 11:16:54.537,2021-09-17,2021-09-08 00:00:00,2021-11-16,,10648.0,0.0,0.0
6763,6763,F36179,5287.0,E,5.0,2021-09-20 11:33:13.547,2021-09-20,2021-09-10 00:00:00,2021-10-20,,2150.0,0.0,0.0
6765,6765,F36181,1289.0,E,5.0,2021-09-20 13:01:31.320,2021-09-20,2021-09-10 00:00:00,2021-10-20,,2548.17,0.0,0.0
6790,6790,F36206,3912.0,E,5.0,2021-09-22 08:59:29.063,2021-09-22,2021-09-23 00:00:00,2021-10-22,,3460.0000000000005,0.0,0.0
6791,6791,F36207,640.0,E,5.0,2021-09-22 10:26:08.017,2021-09-22,2021-09-17 00:00:00,2021-10-22,,2500.0,0.0,0.0
6821,6821,F36237,8460.0,E,5.0,2021-09-24 13:25:02.650,2021-09-24,2021-09-24 00:00:00,2021-09-24,,1165.0000000000002,0.0,0.0
7120,7120,F36536,6059.0,E,5.0,2021-10-29 12:25:24.273,2021-10-29,2021-10-29 00:00:00,2021-10-29,,342.91,0.0,0.0
7159,7159,F36575,88.0,E,5.0,2021-11-04 08:33:06.303,2021-11-04,2021-11-03 00:00:00,2021-11-04,,384.0,0.0,0.0
7360,7360,F36776,8528.0,E,5.0,2021-11-26 15:04:48.070,2021-11-26,2021-11-26 00:00:00,2021-11-26,,2666.433,0.0,0.0
7376,7376,F36792,5102.0,E,5.0,2021-11-29 16:43:26.687,2021-11-29,2021-11-26 00:00:00,2021-11-29,,3363.0,0.0,0.0
7400,7400,F36816,8532.0,E,5.0,2021-11-30 16:22:47.977,2021-11-30,2021-11-30 00:00:00,2021-11-30,,4500.0,0.0,0.0
7790,7790,F37206,5851.0,E,5.0,2022-01-27 10:51:56.160,2022-01-27,2022-01-27 00:00:00,2022-01-27,,280.0,0.0,0.0
7823,7823,F37239,8235.0,E,5.0,2022-01-31 15:39:45.677,2022-01-31,2022-01-31 00:00:00,2022-01-31,,2391.6896,0.0,0.0
9344,9344,F38760,8219.0,E,5.0,2022-08-08 13:03:00.337,2022-08-08,2022-08-08 00:00:00,2022-08-08,,1488.0000000000002,0.0,0.0
10860,10860,F40276,8849.0,E,5.0,2023-02-28 17:51:17.097,2023-02-28,2023-02-21 00:00:00,2023-02-28,,769.0000000000001,0.0,0.0
